﻿pos_x,pos_y,rotation,side,designator,mpn,pack,footprint,value,mount_type,place
106.9488,-34.4012,90.0,top,J1,7-5174385-5,,751743855,7-5174385-5,tht,True
137.4488,-96.1492,0.0,top,J2,,,PinHeader_2x02_P2.54mm_Vertical,Conn_02x02_Counter_Clockwise,tht,True
137.4488,-40.9352,0.0,top,J3,,,PinHeader_2x02_P2.54mm_Vertical,Conn_02x02_Counter_Clockwise,tht,True
137.46,-165.5512,90.0,top,J4,,,PinHeader_1x02_P2.54mm_Vertical,Conn_01x02,tht,True
138.7238,-31.1032,0.0,top,J5,,,PinHeader_1x01_P2.54mm_Vertical,Conn_01x01,tht,True
137.4488,-53.3172,0.0,top,J6,,,PinHeader_2x14_P2.54mm_Vertical,Conn_02x14_Odd_Even,tht,True
139.9988,-154.2312,180.0,top,J7,,,PinHeader_2x19_P2.54mm_Vertical,Conn_02x19_Odd_Even,tht,True
