﻿Designator,Quantity,Value,Footprint,Package,MPN,DNP,Mount_Type,Description,Height,Manufacturer_Name,Mouser Part Number,Mouser Price/Stock,Arrow Part Number,Arrow Price/Stock
J1,1,7-5174385-5,751743855,,7-5174385-5,,tht,Body Features: Primary Product Color Blue | Configuration Features: PCB Mount Orientation Right Angle | Number of Positions 76 | Number of Rows 4 | Contact Features: Contact Mating Area Plating Material Gold (Au) | Contact Mating Area Plating Material Tin (Sn) | Contact Type Tab | Housing Features: Centerline (Pitch) 2.5 MM | Centerline (Pitch) .149 INCH | Centerline (Pitch) .098 INCH | Centerline (Pitch) 3.8 MM | Mechanical Attachment: Connector Mounting Type Board Mount | PCB Mount Alignment With | Mating,20,TE Connectivity,571-7-5174385-5,https://www.mouser.co.uk/ProductDetail/TE-Connectivity-AMP/7-5174385-5?qs=gt1LBUVyoHkkfMO1lF0mgw%3D%3D,7-5174385-5,https://www.arrow.com/en/products/7-5174385-5/te-connectivity
"J2, J3",2,Conn_02x02_Counter_Clockwise,PinHeader_2x02_P2.54mm_Vertical,,,,tht,"Generic connector, double row, 02x02, counter clockwise pin numbering scheme (similar to DIP package numbering), script generated (kicad-library-utils/schlib/autogen/connector/)",,,,,,
J4,1,Conn_01x02,PinHeader_1x02_P2.54mm_Vertical,,,,tht,"Generic connector, single row, 01x02, script generated (kicad-library-utils/schlib/autogen/connector/)",,,,,,
J5,1,Conn_01x01,PinHeader_1x01_P2.54mm_Vertical,,,,tht,"Generic connector, single row, 01x01, script generated (kicad-library-utils/schlib/autogen/connector/)",,,,,,
J6,1,Conn_02x14_Odd_Even,PinHeader_2x14_P2.54mm_Vertical,,,,tht,"Generic connector, double row, 02x14, odd/even pin numbering scheme (row 1 odd numbers, row 2 even numbers), script generated (kicad-library-utils/schlib/autogen/connector/)",,,,,,
J7,1,Conn_02x19_Odd_Even,PinHeader_2x19_P2.54mm_Vertical,,,,tht,"Generic connector, double row, 02x19, odd/even pin numbering scheme (row 1 odd numbers, row 2 even numbers), script generated (kicad-library-utils/schlib/autogen/connector/)",,,,,,
